ID,ChuHo,DiaChi
1,Keith Walsh,Số 933 phường La Khê; quận Hà Đông; TP. Hà Nội
2,Tanya Evans,Số 1837 phường La Khê; quận Hà Đông; TP. Hà Nội
3,Amanda Fields,Số 1074 phường La Khê; quận Hà Đông; TP. Hà Nội
4,Wendy Young,Số 347 phường La Khê; quận Hà Đông; TP. Hà Nội
5,John Mason,Số 1316 phường La Khê; quận Hà Đông; TP. Hà Nội
6,Thomas Gonzalez,Số 137 phường La Khê; quận Hà Đông; TP. Hà Nội
7,Sandra Love,Số 1970 phường La Khê; quận Hà Đông; TP. Hà Nội
8,Jacqueline Green,Số 1459 phường La Khê; quận Hà Đông; TP. Hà Nội
9,Steven Allen,Số 624 phường La Khê; quận Hà Đông; TP. Hà Nội
10,Richard Adams,Số 1247 phường La Khê; quận Hà Đông; TP. Hà Nội
11,Jean Berger,Số 1913 phường La Khê; quận Hà Đông; TP. Hà Nội
12,Chloe Wood,Số 108 phường La Khê; quận Hà Đông; TP. Hà Nội
13,Ryan Peck,Số 1394 phường La Khê; quận Hà Đông; TP. Hà Nội
14,Tina Johnson,Số 900 phường La Khê; quận Hà Đông; TP. Hà Nội
15,Heather Price,Số 616 phường La Khê; quận Hà Đông; TP. Hà Nội
16,Shawn Boyd,Số 1880 phường La Khê; quận Hà Đông; TP. Hà Nội
17,Daniel Butler,Số 1321 phường La Khê; quận Hà Đông; TP. Hà Nội
18,Stephen Caldwell,Số 768 phường La Khê; quận Hà Đông; TP. Hà Nội
19,Kelly Fernandez,Số 1325 phường La Khê; quận Hà Đông; TP. Hà Nội
20,Douglas Jones,Số 64 phường La Khê; quận Hà Đông; TP. Hà Nội
21,Xavier Brooks,Số 698 phường La Khê; quận Hà Đông; TP. Hà Nội
22,David Weaver,Số 1175 phường La Khê; quận Hà Đông; TP. Hà Nội
23,Daniel Walker,Số 1468 phường La Khê; quận Hà Đông; TP. Hà Nội
24,Brenda Thomas,Số 1646 phường La Khê; quận Hà Đông; TP. Hà Nội
25,Daniel Trujillo,Số 803 phường La Khê; quận Hà Đông; TP. Hà Nội
26,Maria Ryan,Số 287 phường La Khê; quận Hà Đông; TP. Hà Nội
27,Tiffany Edwards,Số 1974 phường La Khê; quận Hà Đông; TP. Hà Nội
28,Cynthia Kim,Số 618 phường La Khê; quận Hà Đông; TP. Hà Nội
29,Briana Ramirez,Số 673 phường La Khê; quận Hà Đông; TP. Hà Nội
30,Sandy Long,Số 26 phường La Khê; quận Hà Đông; TP. Hà Nội
31,Tony Williams,Số 370 phường La Khê; quận Hà Đông; TP. Hà Nội
32,Lisa Davis,Số 896 phường La Khê; quận Hà Đông; TP. Hà Nội
33,Justin Henderson,Số 959 phường La Khê; quận Hà Đông; TP. Hà Nội
34,Crystal Wright,Số 177 phường La Khê; quận Hà Đông; TP. Hà Nội
35,Ethan Long,Số 1786 phường La Khê; quận Hà Đông; TP. Hà Nội
36,Stephen Rodriguez,Số 1143 phường La Khê; quận Hà Đông; TP. Hà Nội
37,James James,Số 365 phường La Khê; quận Hà Đông; TP. Hà Nội
38,Veronica Cooke,Số 622 phường La Khê; quận Hà Đông; TP. Hà Nội
39,Erika Jimenez,Số 1558 phường La Khê; quận Hà Đông; TP. Hà Nội
40,Brett Evans,Số 1584 phường La Khê; quận Hà Đông; TP. Hà Nội
41,Linda Mora,Số 1494 phường La Khê; quận Hà Đông; TP. Hà Nội
42,Amy Scott,Số 591 phường La Khê; quận Hà Đông; TP. Hà Nội
43,Justin Ramirez,Số 80 phường La Khê; quận Hà Đông; TP. Hà Nội
44,Ashley Matthews,Số 1005 phường La Khê; quận Hà Đông; TP. Hà Nội
45,Alexandria Bennett,Số 1195 phường La Khê; quận Hà Đông; TP. Hà Nội
46,Samantha Lara,Số 702 phường La Khê; quận Hà Đông; TP. Hà Nội
47,Jennifer Brown,Số 1958 phường La Khê; quận Hà Đông; TP. Hà Nội
48,Susan Robinson,Số 1898 phường La Khê; quận Hà Đông; TP. Hà Nội
49,Tanya Rodriguez,Số 1758 phường La Khê; quận Hà Đông; TP. Hà Nội
50,Katelyn Freeman,Số 565 phường La Khê; quận Hà Đông; TP. Hà Nội
51,Zachary White,Số 332 phường La Khê; quận Hà Đông; TP. Hà Nội
52,Justin Wade,Số 563 phường La Khê; quận Hà Đông; TP. Hà Nội
53,Christopher Mcintyre,Số 465 phường La Khê; quận Hà Đông; TP. Hà Nội
54,Nancy Wilson,Số 1220 phường La Khê; quận Hà Đông; TP. Hà Nội
55,Jennifer Vaughn,Số 313 phường La Khê; quận Hà Đông; TP. Hà Nội
56,Matthew Perez,Số 1216 phường La Khê; quận Hà Đông; TP. Hà Nội
57,Christopher Sanchez,Số 1326 phường La Khê; quận Hà Đông; TP. Hà Nội
58,Tracy Martinez,Số 1578 phường La Khê; quận Hà Đông; TP. Hà Nội
59,Lance Kelly,Số 861 phường La Khê; quận Hà Đông; TP. Hà Nội
60,John Hoover,Số 1347 phường La Khê; quận Hà Đông; TP. Hà Nội
61,Diane Bailey,Số 941 phường La Khê; quận Hà Đông; TP. Hà Nội
62,Kayla Clark,Số 1033 phường La Khê; quận Hà Đông; TP. Hà Nội
63,Ronald Stewart,Số 1314 phường La Khê; quận Hà Đông; TP. Hà Nội
64,Lisa Escobar,Số 352 phường La Khê; quận Hà Đông; TP. Hà Nội
65,William Garza,Số 1536 phường La Khê; quận Hà Đông; TP. Hà Nội
66,Debbie Smith,Số 527 phường La Khê; quận Hà Đông; TP. Hà Nội
67,Patricia Howard,Số 542 phường La Khê; quận Hà Đông; TP. Hà Nội
68,Jennifer Thompson,Số 1914 phường La Khê; quận Hà Đông; TP. Hà Nội
69,Matthew Stewart,Số 711 phường La Khê; quận Hà Đông; TP. Hà Nội
70,Emma Bishop,Số 373 phường La Khê; quận Hà Đông; TP. Hà Nội
71,Michael Simpson,Số 799 phường La Khê; quận Hà Đông; TP. Hà Nội
72,Kimberly Logan,Số 1925 phường La Khê; quận Hà Đông; TP. Hà Nội
73,Brandon Meyers,Số 998 phường La Khê; quận Hà Đông; TP. Hà Nội
74,Robin Maldonado,Số 1934 phường La Khê; quận Hà Đông; TP. Hà Nội
75,Julie Chavez,Số 1235 phường La Khê; quận Hà Đông; TP. Hà Nội
76,Robert Harris,Số 996 phường La Khê; quận Hà Đông; TP. Hà Nội
77,Dawn Sparks,Số 1567 phường La Khê; quận Hà Đông; TP. Hà Nội
78,Jason Holloway,Số 1634 phường La Khê; quận Hà Đông; TP. Hà Nội
79,Isabel Stephens,Số 78 phường La Khê; quận Hà Đông; TP. Hà Nội
80,Erik Barker,Số 511 phường La Khê; quận Hà Đông; TP. Hà Nội
81,Jeffrey Turner,Số 204 phường La Khê; quận Hà Đông; TP. Hà Nội
82,Diana Smith,Số 429 phường La Khê; quận Hà Đông; TP. Hà Nội
83,Drew Gibson,Số 81 phường La Khê; quận Hà Đông; TP. Hà Nội
84,Heather Schneider,Số 1854 phường La Khê; quận Hà Đông; TP. Hà Nội
85,Charles Martin,Số 1091 phường La Khê; quận Hà Đông; TP. Hà Nội
86,Shelly Castillo,Số 1088 phường La Khê; quận Hà Đông; TP. Hà Nội
87,Monica Coleman,Số 488 phường La Khê; quận Hà Đông; TP. Hà Nội
88,Alan Brown,Số 483 phường La Khê; quận Hà Đông; TP. Hà Nội
89,Brittney Bruce,Số 1640 phường La Khê; quận Hà Đông; TP. Hà Nội
90,Cameron Webb,Số 1053 phường La Khê; quận Hà Đông; TP. Hà Nội
91,Nicole Navarro,Số 1367 phường La Khê; quận Hà Đông; TP. Hà Nội
92,Wayne Clark,Số 479 phường La Khê; quận Hà Đông; TP. Hà Nội
93,Dylan Pratt,Số 1643 phường La Khê; quận Hà Đông; TP. Hà Nội
94,Melissa Martin,Số 33 phường La Khê; quận Hà Đông; TP. Hà Nội
95,Paul Craig,Số 1675 phường La Khê; quận Hà Đông; TP. Hà Nội
96,Julie Mcfarland,Số 1073 phường La Khê; quận Hà Đông; TP. Hà Nội
97,Stephanie Contreras,Số 1268 phường La Khê; quận Hà Đông; TP. Hà Nội
98,Christina Ayala,Số 55 phường La Khê; quận Hà Đông; TP. Hà Nội
99,Travis Rosario,Số 44 phường La Khê; quận Hà Đông; TP. Hà Nội
100,Hannah Berry,Số 88 phường La Khê; quận Hà Đông; TP. Hà Nội
101,Amanda Cooper,Số 1722 phường La Khê; quận Hà Đông; TP. Hà Nội
102,Virginia Johnson,Số 530 phường La Khê; quận Hà Đông; TP. Hà Nội
103,Kathryn Gonzalez,Số 1028 phường La Khê; quận Hà Đông; TP. Hà Nội
104,Donna Marsh,Số 1691 phường La Khê; quận Hà Đông; TP. Hà Nội
105,Kelly Diaz,Số 916 phường La Khê; quận Hà Đông; TP. Hà Nội
106,David Olsen,Số 1090 phường La Khê; quận Hà Đông; TP. Hà Nội
107,Katherine Mitchell,Số 278 phường La Khê; quận Hà Đông; TP. Hà Nội
108,Joanna Curtis,Số 275 phường La Khê; quận Hà Đông; TP. Hà Nội
109,Jeremy Ramirez,Số 457 phường La Khê; quận Hà Đông; TP. Hà Nội
110,Jeffrey Garcia,Số 1245 phường La Khê; quận Hà Đông; TP. Hà Nội
111,Joshua Perry,Số 1147 phường La Khê; quận Hà Đông; TP. Hà Nội
112,James Andersen,Số 135 phường La Khê; quận Hà Đông; TP. Hà Nội
113,Tina Roberson,Số 541 phường La Khê; quận Hà Đông; TP. Hà Nội
114,Denise Johnson,Số 1897 phường La Khê; quận Hà Đông; TP. Hà Nội
115,Pamela Young,Số 138 phường La Khê; quận Hà Đông; TP. Hà Nội
116,Sonya Myers,Số 703 phường La Khê; quận Hà Đông; TP. Hà Nội
117,Robin Thomas,Số 708 phường La Khê; quận Hà Đông; TP. Hà Nội
118,Susan Hernandez,Số 323 phường La Khê; quận Hà Đông; TP. Hà Nội
119,Cheryl Richardson,Số 1455 phường La Khê; quận Hà Đông; TP. Hà Nội
120,Kathleen Murphy,Số 1129 phường La Khê; quận Hà Đông; TP. Hà Nội
121,Holly Humphrey,Số 90 phường La Khê; quận Hà Đông; TP. Hà Nội
122,Maria Wolf,Số 200 phường La Khê; quận Hà Đông; TP. Hà Nội
123,Linda Peck,Số 587 phường La Khê; quận Hà Đông; TP. Hà Nội
124,Ronald Mora,Số 687 phường La Khê; quận Hà Đông; TP. Hà Nội
125,Kayla Taylor,Số 1826 phường La Khê; quận Hà Đông; TP. Hà Nội
126,Traci Harris,Số 382 phường La Khê; quận Hà Đông; TP. Hà Nội
127,Keith Farrell,Số 1328 phường La Khê; quận Hà Đông; TP. Hà Nội
128,Alvin Phillips,Số 333 phường La Khê; quận Hà Đông; TP. Hà Nội
129,Emma Bray,Số 576 phường La Khê; quận Hà Đông; TP. Hà Nội
130,Bobby Lawrence,Số 194 phường La Khê; quận Hà Đông; TP. Hà Nội
131,Erika Shannon,Số 432 phường La Khê; quận Hà Đông; TP. Hà Nội
132,Justin Thompson,Số 1253 phường La Khê; quận Hà Đông; TP. Hà Nội
133,Jason Greer,Số 551 phường La Khê; quận Hà Đông; TP. Hà Nội
134,Michael Parker,Số 1230 phường La Khê; quận Hà Đông; TP. Hà Nội
135,Robert Henderson,Số 1497 phường La Khê; quận Hà Đông; TP. Hà Nội
136,Donna Schneider,Số 1187 phường La Khê; quận Hà Đông; TP. Hà Nội
137,Chad Johnson,Số 955 phường La Khê; quận Hà Đông; TP. Hà Nội
138,John Giles,Số 1750 phường La Khê; quận Hà Đông; TP. Hà Nội
139,Gloria Mccoy,Số 538 phường La Khê; quận Hà Đông; TP. Hà Nội
140,Kimberly Collins,Số 129 phường La Khê; quận Hà Đông; TP. Hà Nội
141,Briana Moore,Số 393 phường La Khê; quận Hà Đông; TP. Hà Nội
142,John Gonzalez,Số 1067 phường La Khê; quận Hà Đông; TP. Hà Nội
143,Lawrence Murray,Số 1540 phường La Khê; quận Hà Đông; TP. Hà Nội
144,Jason Blackwell,Số 1441 phường La Khê; quận Hà Đông; TP. Hà Nội
145,Jennifer Romero,Số 961 phường La Khê; quận Hà Đông; TP. Hà Nội
146,Valerie Perez,Số 1702 phường La Khê; quận Hà Đông; TP. Hà Nội
147,Carmen Jones,Số 113 phường La Khê; quận Hà Đông; TP. Hà Nội
148,Joshua Palmer,Số 243 phường La Khê; quận Hà Đông; TP. Hà Nội
149,Lydia Miller,Số 1261 phường La Khê; quận Hà Đông; TP. Hà Nội
150,Jennifer Lawrence,Số 1457 phường La Khê; quận Hà Đông; TP. Hà Nội
151,Candace Taylor,Số 659 phường La Khê; quận Hà Đông; TP. Hà Nội
152,Patrick Carpenter,Số 1793 phường La Khê; quận Hà Đông; TP. Hà Nội
153,Johnny Todd,Số 1409 phường La Khê; quận Hà Đông; TP. Hà Nội
154,Jade Sims,Số 946 phường La Khê; quận Hà Đông; TP. Hà Nội
155,Larry Harris,Số 343 phường La Khê; quận Hà Đông; TP. Hà Nội
156,Andrew Murphy,Số 1272 phường La Khê; quận Hà Đông; TP. Hà Nội
157,Heidi Cruz,Số 1117 phường La Khê; quận Hà Đông; TP. Hà Nội
158,Steven Brooks,Số 1189 phường La Khê; quận Hà Đông; TP. Hà Nội
159,Kristi Burnett,Số 916 phường La Khê; quận Hà Đông; TP. Hà Nội
160,Toni Robinson,Số 1520 phường La Khê; quận Hà Đông; TP. Hà Nội
161,Christopher Nelson,Số 182 phường La Khê; quận Hà Đông; TP. Hà Nội
162,Jonathan Goodman,Số 1974 phường La Khê; quận Hà Đông; TP. Hà Nội
163,Chad Vaughn,Số 1599 phường La Khê; quận Hà Đông; TP. Hà Nội
164,Michael Humphrey,Số 908 phường La Khê; quận Hà Đông; TP. Hà Nội
165,Heather Erickson,Số 249 phường La Khê; quận Hà Đông; TP. Hà Nội
166,Kayla Lozano,Số 1608 phường La Khê; quận Hà Đông; TP. Hà Nội
167,Jennifer Reed,Số 771 phường La Khê; quận Hà Đông; TP. Hà Nội
168,Scott Mckinney,Số 1283 phường La Khê; quận Hà Đông; TP. Hà Nội
169,Jennifer Williams,Số 1521 phường La Khê; quận Hà Đông; TP. Hà Nội
170,Dennis Palmer,Số 62 phường La Khê; quận Hà Đông; TP. Hà Nội
171,Stephen Decker,Số 275 phường La Khê; quận Hà Đông; TP. Hà Nội
172,Lauren Murillo,Số 111 phường La Khê; quận Hà Đông; TP. Hà Nội
173,Sara Thompson,Số 1008 phường La Khê; quận Hà Đông; TP. Hà Nội
174,Emily Thornton,Số 229 phường La Khê; quận Hà Đông; TP. Hà Nội
175,Jennifer Bishop,Số 572 phường La Khê; quận Hà Đông; TP. Hà Nội
176,Sheila Kelley,Số 192 phường La Khê; quận Hà Đông; TP. Hà Nội
177,Meagan Franklin,Số 263 phường La Khê; quận Hà Đông; TP. Hà Nội
178,John Mitchell,Số 948 phường La Khê; quận Hà Đông; TP. Hà Nội
179,Jacob Baker,Số 649 phường La Khê; quận Hà Đông; TP. Hà Nội
180,Amber Villarreal,Số 1040 phường La Khê; quận Hà Đông; TP. Hà Nội
181,Timothy Pierce,Số 1618 phường La Khê; quận Hà Đông; TP. Hà Nội
182,Mckenzie Cook,Số 734 phường La Khê; quận Hà Đông; TP. Hà Nội
183,Sharon Hayes,Số 1238 phường La Khê; quận Hà Đông; TP. Hà Nội
184,Tyler Blair,Số 1667 phường La Khê; quận Hà Đông; TP. Hà Nội
185,Jacqueline Clark,Số 1849 phường La Khê; quận Hà Đông; TP. Hà Nội
186,Robin Dixon,Số 819 phường La Khê; quận Hà Đông; TP. Hà Nội
187,Roberto Myers,Số 591 phường La Khê; quận Hà Đông; TP. Hà Nội
188,Glenn Morris,Số 1350 phường La Khê; quận Hà Đông; TP. Hà Nội
189,Joshua Sexton,Số 102 phường La Khê; quận Hà Đông; TP. Hà Nội
190,Carolyn Castaneda,Số 754 phường La Khê; quận Hà Đông; TP. Hà Nội
191,Stephen Brown,Số 1286 phường La Khê; quận Hà Đông; TP. Hà Nội
192,Anne Scott,Số 776 phường La Khê; quận Hà Đông; TP. Hà Nội
193,Destiny Turner,Số 987 phường La Khê; quận Hà Đông; TP. Hà Nội
194,Jessica Adams,Số 156 phường La Khê; quận Hà Đông; TP. Hà Nội
195,Daniel Howe,Số 1461 phường La Khê; quận Hà Đông; TP. Hà Nội
196,Paul Fischer,Số 1196 phường La Khê; quận Hà Đông; TP. Hà Nội
197,Adam Garcia,Số 440 phường La Khê; quận Hà Đông; TP. Hà Nội
198,Amy Neal,Số 252 phường La Khê; quận Hà Đông; TP. Hà Nội
199,Matthew Watson,Số 597 phường La Khê; quận Hà Đông; TP. Hà Nội
200,Mary Mckenzie,Số 292 phường La Khê; quận Hà Đông; TP. Hà Nội
201,Mary Walter,Số 1382 phường La Khê; quận Hà Đông; TP. Hà Nội
202,Christina Freeman,Số 165 phường La Khê; quận Hà Đông; TP. Hà Nội
203,Dustin Reynolds,Số 27 phường La Khê; quận Hà Đông; TP. Hà Nội
204,Todd Moore,Số 1846 phường La Khê; quận Hà Đông; TP. Hà Nội
205,Heather Torres,Số 134 phường La Khê; quận Hà Đông; TP. Hà Nội
206,Kathryn Harris,Số 1853 phường La Khê; quận Hà Đông; TP. Hà Nội
207,Kevin Montes,Số 244 phường La Khê; quận Hà Đông; TP. Hà Nội
208,Jennifer Curtis,Số 14 phường La Khê; quận Hà Đông; TP. Hà Nội
209,Kimberly Lucero,Số 463 phường La Khê; quận Hà Đông; TP. Hà Nội
210,Ryan Vega,Số 1007 phường La Khê; quận Hà Đông; TP. Hà Nội
211,John Medina,Số 901 phường La Khê; quận Hà Đông; TP. Hà Nội
212,Megan Shepard,Số 1105 phường La Khê; quận Hà Đông; TP. Hà Nội
213,Chelsea Pollard,Số 1654 phường La Khê; quận Hà Đông; TP. Hà Nội
214,Todd Nelson,Số 1819 phường La Khê; quận Hà Đông; TP. Hà Nội
215,Kyle Jefferson,Số 1406 phường La Khê; quận Hà Đông; TP. Hà Nội
216,Eric Wiley,Số 717 phường La Khê; quận Hà Đông; TP. Hà Nội
217,Rebecca Fields,Số 1537 phường La Khê; quận Hà Đông; TP. Hà Nội
218,Mark Dawson,Số 1480 phường La Khê; quận Hà Đông; TP. Hà Nội
219,Laurie Scott,Số 1698 phường La Khê; quận Hà Đông; TP. Hà Nội
220,Vanessa Becker,Số 1164 phường La Khê; quận Hà Đông; TP. Hà Nội
221,Leon Brown,Số 460 phường La Khê; quận Hà Đông; TP. Hà Nội
222,Melvin Wright,Số 639 phường La Khê; quận Hà Đông; TP. Hà Nội
223,Tony Moody,Số 871 phường La Khê; quận Hà Đông; TP. Hà Nội
224,Tara Carney,Số 1796 phường La Khê; quận Hà Đông; TP. Hà Nội
225,Elizabeth Perry,Số 388 phường La Khê; quận Hà Đông; TP. Hà Nội
226,Amy Smith,Số 1813 phường La Khê; quận Hà Đông; TP. Hà Nội
227,Anne Pham,Số 30 phường La Khê; quận Hà Đông; TP. Hà Nội
228,Michael Fisher,Số 391 phường La Khê; quận Hà Đông; TP. Hà Nội
229,Christopher Tucker,Số 598 phường La Khê; quận Hà Đông; TP. Hà Nội
230,Bradley Brown,Số 1060 phường La Khê; quận Hà Đông; TP. Hà Nội
231,Tami Moses,Số 1989 phường La Khê; quận Hà Đông; TP. Hà Nội
232,Elizabeth Bates,Số 1595 phường La Khê; quận Hà Đông; TP. Hà Nội
233,Aaron Thomas,Số 965 phường La Khê; quận Hà Đông; TP. Hà Nội
234,Dwayne Abbott,Số 1440 phường La Khê; quận Hà Đông; TP. Hà Nội
235,Richard Hunter,Số 1730 phường La Khê; quận Hà Đông; TP. Hà Nội
236,Teresa Robinson,Số 890 phường La Khê; quận Hà Đông; TP. Hà Nội
237,Kevin Long,Số 468 phường La Khê; quận Hà Đông; TP. Hà Nội
238,Raven Williams,Số 1125 phường La Khê; quận Hà Đông; TP. Hà Nội
239,Dawn Harvey,Số 626 phường La Khê; quận Hà Đông; TP. Hà Nội
240,Robin Lopez,Số 1886 phường La Khê; quận Hà Đông; TP. Hà Nội
241,Charles Simon,Số 1386 phường La Khê; quận Hà Đông; TP. Hà Nội
242,Kelly Garner,Số 903 phường La Khê; quận Hà Đông; TP. Hà Nội
243,Karina Ward,Số 819 phường La Khê; quận Hà Đông; TP. Hà Nội
244,Katherine Steele,Số 267 phường La Khê; quận Hà Đông; TP. Hà Nội
245,Terrance Carpenter,Số 1082 phường La Khê; quận Hà Đông; TP. Hà Nội
246,Todd Moore,Số 531 phường La Khê; quận Hà Đông; TP. Hà Nội
247,Jeffrey Brown,Số 1522 phường La Khê; quận Hà Đông; TP. Hà Nội
248,Jessica King,Số 1337 phường La Khê; quận Hà Đông; TP. Hà Nội
249,Julian Robinson,Số 1767 phường La Khê; quận Hà Đông; TP. Hà Nội
250,Melissa Butler,Số 897 phường La Khê; quận Hà Đông; TP. Hà Nội
251,Jason Collins,Số 1794 phường La Khê; quận Hà Đông; TP. Hà Nội
252,Sean Banks,Số 309 phường La Khê; quận Hà Đông; TP. Hà Nội
253,Jessica Mccarthy,Số 82 phường La Khê; quận Hà Đông; TP. Hà Nội
254,Tiffany Perez,Số 496 phường La Khê; quận Hà Đông; TP. Hà Nội
255,Emily Barnes,Số 388 phường La Khê; quận Hà Đông; TP. Hà Nội
256,Brian Miller,Số 1364 phường La Khê; quận Hà Đông; TP. Hà Nội
257,Leslie Bates,Số 1426 phường La Khê; quận Hà Đông; TP. Hà Nội
258,Marc Martinez,Số 1194 phường La Khê; quận Hà Đông; TP. Hà Nội
259,Christopher Jordan,Số 139 phường La Khê; quận Hà Đông; TP. Hà Nội
260,Amber Campbell,Số 1987 phường La Khê; quận Hà Đông; TP. Hà Nội
261,Maxwell Morton,Số 518 phường La Khê; quận Hà Đông; TP. Hà Nội
262,Brittney Martin,Số 1927 phường La Khê; quận Hà Đông; TP. Hà Nội
263,Bridget Gonzalez,Số 942 phường La Khê; quận Hà Đông; TP. Hà Nội
264,Brittany Huber,Số 1857 phường La Khê; quận Hà Đông; TP. Hà Nội
265,Michael Brandt,Số 1068 phường La Khê; quận Hà Đông; TP. Hà Nội
266,Lance Booker,Số 344 phường La Khê; quận Hà Đông; TP. Hà Nội
267,Katelyn Whitaker,Số 467 phường La Khê; quận Hà Đông; TP. Hà Nội
268,Sally Vasquez,Số 160 phường La Khê; quận Hà Đông; TP. Hà Nội
269,Mike Mcconnell,Số 1567 phường La Khê; quận Hà Đông; TP. Hà Nội
270,Jessica Rocha,Số 1943 phường La Khê; quận Hà Đông; TP. Hà Nội
271,Crystal Myers,Số 809 phường La Khê; quận Hà Đông; TP. Hà Nội
272,William Garcia,Số 607 phường La Khê; quận Hà Đông; TP. Hà Nội
273,Taylor Kelly,Số 1782 phường La Khê; quận Hà Đông; TP. Hà Nội
274,Melissa Mccann,Số 1113 phường La Khê; quận Hà Đông; TP. Hà Nội
275,Alexandria Nash,Số 1904 phường La Khê; quận Hà Đông; TP. Hà Nội
276,Natalie Anderson,Số 54 phường La Khê; quận Hà Đông; TP. Hà Nội
277,Mary Schaefer,Số 1581 phường La Khê; quận Hà Đông; TP. Hà Nội
278,Toni Brown,Số 1057 phường La Khê; quận Hà Đông; TP. Hà Nội
279,Brandon Underwood,Số 1728 phường La Khê; quận Hà Đông; TP. Hà Nội
280,Jonathan Cisneros,Số 1193 phường La Khê; quận Hà Đông; TP. Hà Nội
281,Gregg Reynolds,Số 1409 phường La Khê; quận Hà Đông; TP. Hà Nội
282,Lori Hansen,Số 411 phường La Khê; quận Hà Đông; TP. Hà Nội
283,Ann Willis,Số 1651 phường La Khê; quận Hà Đông; TP. Hà Nội
284,Andre Rasmussen,Số 222 phường La Khê; quận Hà Đông; TP. Hà Nội
285,Emily Lewis,Số 1081 phường La Khê; quận Hà Đông; TP. Hà Nội
286,Bryan Sanders,Số 197 phường La Khê; quận Hà Đông; TP. Hà Nội
287,Loretta Booker,Số 1383 phường La Khê; quận Hà Đông; TP. Hà Nội
288,Mary Stokes,Số 900 phường La Khê; quận Hà Đông; TP. Hà Nội
289,David Conway,Số 1864 phường La Khê; quận Hà Đông; TP. Hà Nội
290,Kelsey Thompson,Số 343 phường La Khê; quận Hà Đông; TP. Hà Nội
291,Jesse Rice,Số 1635 phường La Khê; quận Hà Đông; TP. Hà Nội
292,Samantha Spencer,Số 1375 phường La Khê; quận Hà Đông; TP. Hà Nội
293,Jake Martinez,Số 1468 phường La Khê; quận Hà Đông; TP. Hà Nội
294,Fred Clark,Số 731 phường La Khê; quận Hà Đông; TP. Hà Nội
295,Monica Ryan,Số 1900 phường La Khê; quận Hà Đông; TP. Hà Nội
296,Betty Reed,Số 1907 phường La Khê; quận Hà Đông; TP. Hà Nội
297,Melissa Graham,Số 1725 phường La Khê; quận Hà Đông; TP. Hà Nội
298,Gina Spears,Số 1110 phường La Khê; quận Hà Đông; TP. Hà Nội
299,Sean Thomas,Số 833 phường La Khê; quận Hà Đông; TP. Hà Nội
300,Joel Faulkner,Số 758 phường La Khê; quận Hà Đông; TP. Hà Nội
301,Patrick Shelton,Số 36 phường La Khê; quận Hà Đông; TP. Hà Nội
302,Thomas Walls,Số 995 phường La Khê; quận Hà Đông; TP. Hà Nội
303,Peter Lam,Số 970 phường La Khê; quận Hà Đông; TP. Hà Nội
304,Tiffany Henry,Số 25 phường La Khê; quận Hà Đông; TP. Hà Nội
305,James Holmes,Số 1561 phường La Khê; quận Hà Đông; TP. Hà Nội
306,Timothy Mccullough,Số 258 phường La Khê; quận Hà Đông; TP. Hà Nội
307,Justin Wallace,Số 1322 phường La Khê; quận Hà Đông; TP. Hà Nội
308,Ernest Fisher,Số 1238 phường La Khê; quận Hà Đông; TP. Hà Nội
309,Arthur Butler,Số 1271 phường La Khê; quận Hà Đông; TP. Hà Nội
310,Jacqueline Gillespie,Số 729 phường La Khê; quận Hà Đông; TP. Hà Nội
311,Barbara Jacobs,Số 381 phường La Khê; quận Hà Đông; TP. Hà Nội
312,Kathryn Stout,Số 357 phường La Khê; quận Hà Đông; TP. Hà Nội
313,Joseph Tran,Số 1413 phường La Khê; quận Hà Đông; TP. Hà Nội
314,Jonathan Martinez,Số 1107 phường La Khê; quận Hà Đông; TP. Hà Nội
315,Daniel Hernandez,Số 1950 phường La Khê; quận Hà Đông; TP. Hà Nội
316,Catherine Fitzgerald,Số 991 phường La Khê; quận Hà Đông; TP. Hà Nội
317,Timothy Gray,Số 1685 phường La Khê; quận Hà Đông; TP. Hà Nội
318,Kayla Mathis,Số 694 phường La Khê; quận Hà Đông; TP. Hà Nội
319,Juan Howell,Số 1890 phường La Khê; quận Hà Đông; TP. Hà Nội
320,Amanda Murphy,Số 1371 phường La Khê; quận Hà Đông; TP. Hà Nội
321,Diamond Guzman,Số 512 phường La Khê; quận Hà Đông; TP. Hà Nội
322,Charles Johnson,Số 757 phường La Khê; quận Hà Đông; TP. Hà Nội
323,Eric Rivera,Số 943 phường La Khê; quận Hà Đông; TP. Hà Nội
324,Dawn Perez,Số 1855 phường La Khê; quận Hà Đông; TP. Hà Nội
325,Shannon Lopez,Số 217 phường La Khê; quận Hà Đông; TP. Hà Nội
326,John Cox,Số 1247 phường La Khê; quận Hà Đông; TP. Hà Nội
327,Angela Haynes,Số 1189 phường La Khê; quận Hà Đông; TP. Hà Nội
328,Crystal Norman,Số 1970 phường La Khê; quận Hà Đông; TP. Hà Nội
329,Kevin Clayton,Số 1817 phường La Khê; quận Hà Đông; TP. Hà Nội
330,Ryan Terry,Số 1052 phường La Khê; quận Hà Đông; TP. Hà Nội
331,Robert Hernandez,Số 1780 phường La Khê; quận Hà Đông; TP. Hà Nội
332,Mary Long,Số 1848 phường La Khê; quận Hà Đông; TP. Hà Nội
333,Adam Johnson,Số 761 phường La Khê; quận Hà Đông; TP. Hà Nội
334,Maurice Myers,Số 1041 phường La Khê; quận Hà Đông; TP. Hà Nội
335,Linda Hughes,Số 372 phường La Khê; quận Hà Đông; TP. Hà Nội
336,James Vasquez,Số 1347 phường La Khê; quận Hà Đông; TP. Hà Nội
337,Adam Cruz,Số 1745 phường La Khê; quận Hà Đông; TP. Hà Nội
338,Amy Cobb,Số 906 phường La Khê; quận Hà Đông; TP. Hà Nội
339,Michael Williams,Số 1460 phường La Khê; quận Hà Đông; TP. Hà Nội
340,Kelly Higgins,Số 941 phường La Khê; quận Hà Đông; TP. Hà Nội
341,Joshua Valentine,Số 1248 phường La Khê; quận Hà Đông; TP. Hà Nội
342,Christy Williams,Số 87 phường La Khê; quận Hà Đông; TP. Hà Nội
343,Dominic Maxwell,Số 4 phường La Khê; quận Hà Đông; TP. Hà Nội
344,Laura Taylor,Số 1975 phường La Khê; quận Hà Đông; TP. Hà Nội
345,Elizabeth Herrera,Số 1414 phường La Khê; quận Hà Đông; TP. Hà Nội
346,David Jackson,Số 730 phường La Khê; quận Hà Đông; TP. Hà Nội
347,Eric Diaz,Số 1625 phường La Khê; quận Hà Đông; TP. Hà Nội
348,Brianna Wright,Số 1090 phường La Khê; quận Hà Đông; TP. Hà Nội
349,Shawn Johnson,Số 1875 phường La Khê; quận Hà Đông; TP. Hà Nội
350,James Morris,Số 87 phường La Khê; quận Hà Đông; TP. Hà Nội
351,Adrian Caldwell,Số 1925 phường La Khê; quận Hà Đông; TP. Hà Nội
352,Eric Ball,Số 1781 phường La Khê; quận Hà Đông; TP. Hà Nội
353,Michael Martinez,Số 1619 phường La Khê; quận Hà Đông; TP. Hà Nội
354,Jason Garrett,Số 440 phường La Khê; quận Hà Đông; TP. Hà Nội
355,Elizabeth Pope,Số 1262 phường La Khê; quận Hà Đông; TP. Hà Nội
356,Carol Lambert,Số 577 phường La Khê; quận Hà Đông; TP. Hà Nội
357,Teresa Jackson,Số 1405 phường La Khê; quận Hà Đông; TP. Hà Nội
358,Joseph Robinson,Số 1012 phường La Khê; quận Hà Đông; TP. Hà Nội
359,Carla Keller,Số 1314 phường La Khê; quận Hà Đông; TP. Hà Nội
360,Sheila Chandler,Số 1705 phường La Khê; quận Hà Đông; TP. Hà Nội
361,Erica Martinez,Số 1992 phường La Khê; quận Hà Đông; TP. Hà Nội
362,Travis Moses,Số 1334 phường La Khê; quận Hà Đông; TP. Hà Nội
363,Melinda Adams,Số 1403 phường La Khê; quận Hà Đông; TP. Hà Nội
364,Jennifer Hampton,Số 1315 phường La Khê; quận Hà Đông; TP. Hà Nội
365,Teresa Little,Số 1278 phường La Khê; quận Hà Đông; TP. Hà Nội
366,Brenda Lewis,Số 368 phường La Khê; quận Hà Đông; TP. Hà Nội
367,David Malone,Số 1081 phường La Khê; quận Hà Đông; TP. Hà Nội
368,Lauren Sherman,Số 1752 phường La Khê; quận Hà Đông; TP. Hà Nội
369,Alex Vazquez,Số 596 phường La Khê; quận Hà Đông; TP. Hà Nội
370,Ryan Castillo,Số 1743 phường La Khê; quận Hà Đông; TP. Hà Nội
371,Lauren Sandoval,Số 949 phường La Khê; quận Hà Đông; TP. Hà Nội
372,Scott Mason,Số 865 phường La Khê; quận Hà Đông; TP. Hà Nội
373,Margaret Wilson,Số 784 phường La Khê; quận Hà Đông; TP. Hà Nội
374,Nicholas Smith,Số 371 phường La Khê; quận Hà Đông; TP. Hà Nội
375,Aaron Berry,Số 1850 phường La Khê; quận Hà Đông; TP. Hà Nội
376,Leslie Morton,Số 369 phường La Khê; quận Hà Đông; TP. Hà Nội
377,Allen Mitchell,Số 1580 phường La Khê; quận Hà Đông; TP. Hà Nội
378,Lisa Smith,Số 956 phường La Khê; quận Hà Đông; TP. Hà Nội
379,Kevin Maldonado,Số 839 phường La Khê; quận Hà Đông; TP. Hà Nội
380,Samantha Curry,Số 1394 phường La Khê; quận Hà Đông; TP. Hà Nội
381,George Hopkins,Số 624 phường La Khê; quận Hà Đông; TP. Hà Nội
382,Antonio Spencer,Số 1996 phường La Khê; quận Hà Đông; TP. Hà Nội
383,Connie Stout,Số 104 phường La Khê; quận Hà Đông; TP. Hà Nội
384,Robert Winters,Số 1178 phường La Khê; quận Hà Đông; TP. Hà Nội
385,Aaron Lee,Số 867 phường La Khê; quận Hà Đông; TP. Hà Nội
386,Michael Rose,Số 1744 phường La Khê; quận Hà Đông; TP. Hà Nội
387,Tracy Sherman,Số 131 phường La Khê; quận Hà Đông; TP. Hà Nội
388,Bryan Robinson,Số 966 phường La Khê; quận Hà Đông; TP. Hà Nội
389,Ann Lee,Số 723 phường La Khê; quận Hà Đông; TP. Hà Nội
390,Louis Hayes,Số 794 phường La Khê; quận Hà Đông; TP. Hà Nội
391,Valerie Martinez,Số 1513 phường La Khê; quận Hà Đông; TP. Hà Nội
392,Rebecca Green,Số 855 phường La Khê; quận Hà Đông; TP. Hà Nội
393,Jason Lee,Số 1072 phường La Khê; quận Hà Đông; TP. Hà Nội
394,Walter Cantu,Số 678 phường La Khê; quận Hà Đông; TP. Hà Nội
395,Eric Montoya,Số 1910 phường La Khê; quận Hà Đông; TP. Hà Nội
396,Christopher Ramos,Số 297 phường La Khê; quận Hà Đông; TP. Hà Nội
397,Thomas Lopez,Số 272 phường La Khê; quận Hà Đông; TP. Hà Nội
398,Anthony Deleon,Số 875 phường La Khê; quận Hà Đông; TP. Hà Nội
399,Mary Payne,Số 138 phường La Khê; quận Hà Đông; TP. Hà Nội
400,Isaac Coffey,Số 655 phường La Khê; quận Hà Đông; TP. Hà Nội
